{
    "metrics": {
        "http_req_duration": {
            "avg": 13.086457145287852,
            "min": 4.4553,
            "med": 11.8108,
            "max": 79.9408,
            "p(90)": 19.474140000000006,
            "p(95)": 23.0336,
            "thresholds": {
                "p(95)<2000": false
            }
        },
        "http_req_duration{expected_response:true}": {
            "p(90)": 19.474140000000006,
            "p(95)": 23.0336,
            "avg": 13.086457145287852,
            "min": 4.4553,
            "med": 11.8108,
            "max": 79.9408
        },
        "dur_stats": {
            "max": 79.9408,
            "p(90)": 17.942790000000002,
            "p(95)": 21.16905,
            "avg": 12.281907641724864,
            "min": 4.5,
            "med": 11.0848
        },
        "dur_canvas": {
            "med": 10.682,
            "max": 75.8012,
            "p(90)": 17.3029,
            "p(95)": 20.2922,
            "avg": 11.832523231443806,
            "min": 4.4553
        },
        "http_req_sending": {
            "avg": 0.11212219353030556,
            "min": 0,
            "med": 0,
            "max": 3.5316,
            "p(90)": 0.5894,
            "p(95)": 0.7126
        },
        "http_req_receiving": {
            "max": 46.4743,
            "p(90)": 0.944,
            "p(95)": 1.2522,
            "avg": 0.3071042777644339,
            "min": 0,
            "med": 0
        },
        "vus": {
            "value": 7,
            "min": 2,
            "max": 1499
        },
        "http_reqs": {
            "count": 99912,
            "rate": 363.69389641616925
        },
        "http_req_connecting": {
            "max": 42.1973,
            "p(90)": 0,
            "p(95)": 0,
            "avg": 0.12369820141724717,
            "min": 0,
            "med": 0
        },
        "iteration_duration": {
            "max": 5112.7654,
            "p(90)": 5030.39315,
            "p(95)": 5035.37133,
            "avg": 5020.691064643812,
            "min": 5006.8675,
            "med": 5019.17165
        },
        "dur_status": {
            "med": 13.6898,
            "max": 75.8012,
            "p(90)": 22.3401,
            "p(95)": 26.201174999999978,
            "avg": 15.144940562695291,
            "min": 6.0179
        },
        "http_req_tls_handshaking": {
            "min": 0,
            "med": 0,
            "max": 53.0829,
            "p(90)": 0,
            "p(95)": 0,
            "avg": 0.17895284650492427
        },
        "http_req_blocked": {
            "med": 0,
            "max": 60.0817,
            "p(90)": 0,
            "p(95)": 0,
            "avg": 0.3043697794058771,
            "min": 0
        },
        "http_req_failed": {
            "passes": 0,
            "fails": 99912,
            "thresholds": {
                "rate<0.05": false
            },
            "value": 0
        },
        "errors": {
            "passes": 0,
            "fails": 33304,
            "value": 0
        },
        "http_req_waiting": {
            "min": 4.1885,
            "med": 11.38675,
            "max": 79.43,
            "p(90)": 18.9889,
            "p(95)": 22.545135000000002,
            "avg": 12.667230673993199
        },
        "vus_max": {
            "value": 1500,
            "min": 1500,
            "max": 1500
        },
        "data_sent": {
            "rate": 21393.611294016126,
            "count": 5877136
        },
        "iterations": {
            "count": 33304,
            "rate": 121.23129880538974
        },
        "checks": {
            "fails": 0,
            "passes": 99912,
            "value": 1
        },
        "data_received": {
            "count": 94922376,
            "rate": 345530.9550856821
        }
    },
    "root_group": {
        "name": "",
        "path": "",
        "id": "d41d8cd98f00b204e9800998ecf8427e",
        "groups": {},
        "checks": {
                "canvas 200": {
                    "name": "canvas 200",
                    "path": "::canvas 200",
                    "id": "2531d7d0b1a819ff487ea50b3683014a",
                    "passes": 33304,
                    "fails": 0
                },
                "stats 200": {
                    "fails": 0,
                    "name": "stats 200",
                    "path": "::stats 200",
                    "id": "372ed7a2e9a6ed3bef752e28c5df1a14",
                    "passes": 33304
                },
                "status 200": {
                    "name": "status 200",
                    "path": "::status 200",
                    "id": "fad9fa412b86fcb03bee97c80dcd61f1",
                    "passes": 33304,
                    "fails": 0
                }
            }
    }
}